Nombre	Telefono	Base imponible	IVA	Total a pagar	
ANA MARIA RODRIGUEZ ORTEGA	602213969	9,7100	2,0391	11,7500	
ANTONIO GIL PASTOR	602217881	9,7100	2,0391	11,7500	
FRANCISCO JESUS SANCHEZ SEGOVIA	602214273	8,0600	1,6926	9,7600	
JOSE MANUEL ESCOLANO GUERRERO	600628358	7,2300	1,5183	8,7500	
JUAN CARLOS CAMACHO JIMENEZ	602212525	9,7100	2,0391	11,7500	
JUAN CARLOS CAMACHO JIMENEZ	602215021	13,9100	2,9211	16,8400	
MARIA AURELIA MELGAREZ PASTOR	602214747	7,2300	1,5183	8,7500	
MARIA DOLORES DIAZ RECIO	602217884	9,8100	2,0601	11,8800	
MARIA DOLORES PASTOR FERNANDEZ	600068802	7,3557	1,544697	8,9100	
